{
  "project_info": {
    "project_number": "168055358500",
    "project_id": "stackecom-a4599",
    "storage_bucket": "stackecom-a4599.appspot.com"
  },
  "client": [
    {
      "client_info": {
        "mobilesdk_app_id": "1:168055358500:android:ed2890f8679cae634904b1",
        "android_client_info": {
          "package_name": "com.android.developer.shaliniv.stackecom"
        }
      },
      "oauth_client": [
        {
          "client_id": "168055358500-lemo04n907on1aoagbo5q1kidhtveo6d.apps.googleusercontent.com",
          "client_type": 3
        }
      ],
      "api_key": [
        {
          "current_key": "AIzaSyAsMxwSYURzkhGMN2Ll7R8zldbFYaC-Qpg"
        }
      ],
      "services": {
        "appinvite_service": {
          "other_platform_oauth_client": [
            {
              "client_id": "168055358500-lemo04n907on1aoagbo5q1kidhtveo6d.apps.googleusercontent.com",
              "client_type": 3
            }
          ]
        }
      }
    }
  ],
  "configuration_version": "1"
}